{
    "1": {
        "features": {
            "case": 8.056525775858379,
            "confirmed": 4.865975348193031,
            "breaking": 2.674107598870464,
            "ontario": 2.192171657079357,
            "presumptive": 2.0777532148839977,
            "official": 1.9381417714880531,
            "health": 1.6761921005778107,
            "toronto": 1.5429923473225982,
            "confirms": 1.419177938857081,
            "say": 1.4023678843319152,
            "new": 1.3705540112196304,
            "second": 1.3695793557090603,
            "canada": 1.3413184264970044,
            "wuhan": 1.2730817731009,
            "positive": 1.2632600921465238
        },
        "words": [
            "case",
            "confirmed",
            "breaking",
            "ontario",
            "presumptive",
            "official",
            "health",
            "toronto",
            "confirms",
            "say",
            "new",
            "second",
            "canada",
            "wuhan",
            "positive"
        ],
        "coherence": 0.47341159071241107
    },
    "2": {
        "features": {
            "china": 1.4846102244018093,
            "trump": 1.1366704524795936,
            "epidemic": 0.821601260198908,
            "going": 0.7402229026260074,
            "market": 0.6932055246537645,
            "think": 0.6026857594076068,
            "day": 0.554189949674055,
            "world": 0.5529377862021131,
            "time": 0.5128449623198628,
            "year": 0.4918627904685364,
            "bad": 0.48065972722930567,
            "right": 0.47630329013718664,
            "chinese": 0.47539548416995336,
            "need": 0.45806188098343326,
            "economy": 0.4468388503841391
        },
        "words": [
            "china",
            "trump",
            "epidemic",
            "going",
            "market",
            "think",
            "day",
            "world",
            "time",
            "year",
            "bad",
            "right",
            "chinese",
            "need",
            "economy"
        ],
        "coherence": 0.34390364048026856
    },
    "3": {
        "features": {
            "health": 5.6632772898662385,
            "emergency": 4.945301765770081,
            "global": 4.026517082754232,
            "public": 4.014759712659855,
            "world": 3.1165958919945482,
            "concern": 2.314455419508588,
            "international": 2.1492412093369317,
            "declares": 2.00119676321273,
            "organization": 1.9386703622743087,
            "declared": 1.8019118288346505,
            "outbreak": 1.6081569622624863,
            "breaking": 0.9229852433779017,
            "declaring": 0.7680328456871411,
            "onpoli": 0.6788755351746372,
            "country": 0.6456622754349618
        },
        "words": [
            "health",
            "emergency",
            "global",
            "public",
            "world",
            "concern",
            "international",
            "declares",
            "organization",
            "declared",
            "outbreak",
            "breaking",
            "declaring",
            "onpoli",
            "country"
        ],
        "coherence": 0.47579077936354136
    },
    "4": {
        "features": {
            "canadian": 2.9541339385411294,
            "canada": 2.2363249960242313,
            "health": 2.133292955643935,
            "risk": 1.8811624034993992,
            "say": 1.575601000379288,
            "cdnpoli": 1.4966936789345093,
            "minister": 1.4697774304339137,
            "low": 1.4011695044462933,
            "officer": 1.3684345083821887,
            "toronto": 1.3525247051666185,
            "medical": 1.2241357619066888,
            "chief": 1.2067203684867656,
            "symptom": 1.0201489010941882,
            "home": 0.955440038213591,
            "dr": 0.9509603452106558
        },
        "words": [
            "canadian",
            "canada",
            "health",
            "risk",
            "say",
            "cdnpoli",
            "minister",
            "low",
            "officer",
            "toronto",
            "medical",
            "chief",
            "symptom",
            "home",
            "dr"
        ],
        "coherence": 0.4145155811593646
    },
    "5": {
        "features": {
            "china": 3.8875287904103826,
            "flight": 3.610667910525611,
            "travel": 2.9194284998024056,
            "canada": 2.0838545528849326,
            "trudeau": 1.5956451936378315,
            "ban": 1.419491941362758,
            "air": 1.14101339403326,
            "canadian": 1.001052481971675,
            "airline": 0.9775055279884052,
            "foreign": 0.8737984958543541,
            "russia": 0.8602617875716508,
            "justin": 0.8265990626769407,
            "country": 0.8132633899627711,
            "amid": 0.790310562643944,
            "government": 0.7850998009983569
        },
        "words": [
            "china",
            "flight",
            "travel",
            "canada",
            "trudeau",
            "ban",
            "air",
            "canadian",
            "airline",
            "foreign",
            "russia",
            "justin",
            "country",
            "amid",
            "government"
        ],
        "coherence": 0.3849945066940217
    },
    "6": {
        "features": {
            "wuhan": 5.8412361274775755,
            "hospital": 3.5162854886679504,
            "city": 2.4197562610321084,
            "china": 2.157787331238416,
            "quarantine": 1.5535108282674477,
            "lab": 1.474684076273981,
            "doctor": 1.1857732474977805,
            "video": 1.1291853097395839,
            "day": 1.1129695114042983,
            "citizen": 1.0883834843928377,
            "patient": 1.051651637503645,
            "sunnybrook": 1.0051625774340591,
            "chinese": 0.9392855680831221,
            "youtube": 0.9019848429484068,
            "coronavirusoutbreak": 0.856466484301209
        },
        "words": [
            "wuhan",
            "hospital",
            "city",
            "china",
            "quarantine",
            "lab",
            "doctor",
            "video",
            "day",
            "citizen",
            "patient",
            "sunnybrook",
            "chinese",
            "youtube",
            "coronavirusoutbreak"
        ],
        "coherence": 0.39896614168371475
    },
    "7": {
        "features": {
            "death": 4.667942905178109,
            "china": 3.0760550630281602,
            "update": 2.907126150822244,
            "toll": 2.494138733743038,
            "live": 2.371990760504311,
            "number": 1.5364468732799887,
            "rise": 1.5076693859912156,
            "hubei": 1.4923588096987401,
            "new": 1.4919327425730777,
            "watch": 1.3046272729491524,
            "dead": 1.2384649903343932,
            "died": 1.0657582525347005,
            "infected": 1.0585876946779929,
            "case": 1.0415062315349595,
            "spread": 1.034367225857077
        },
        "words": [
            "death",
            "china",
            "update",
            "toll",
            "live",
            "number",
            "rise",
            "hubei",
            "new",
            "watch",
            "dead",
            "died",
            "infected",
            "case",
            "spread"
        ],
        "coherence": 0.45184400840884165
    },
    "8": {
        "features": {
            "people": 3.612632907029819,
            "mask": 2.149081704920006,
            "hong": 1.5654324743197598,
            "kong": 1.501018003324705,
            "close": 1.1818082038237778,
            "china": 1.1700604136676973,
            "face": 1.1496350993662041,
            "outbreak": 1.0361253348333073,
            "border": 0.9707339852654803,