{
    "1": {
        "features": {
            "pandemic": 2.8258550009758685,
            "job": 0.9754414990171941,
            "time": 0.9320403107076589,
            "need": 0.9238741172051231,
            "thing": 0.8912851567714908,
            "economy": 0.8858256849664553,
            "great": 0.8815037396720505,
            "worker": 0.8684671523597085,
            "way": 0.8531926802477368,
            "money": 0.7981938749743117,
            "right": 0.7944035913318636,
            "working": 0.7876890386798837,
            "crisis": 0.7838988866564475,
            "work": 0.7736673367840707,
            "make": 0.772535637678792
        },
        "words": [
            "pandemic",
            "job",
            "time",
            "need",
            "thing",
            "economy",
            "great",
            "worker",
            "way",
            "money",
            "right",
            "working",
            "crisis",
            "work",
            "make"
        ],
        "coherence": 0.5398474576927367
    },
    "2": {
        "features": {
            "mask": 8.078855602454954,
            "wear": 4.762082606557362,
            "social": 2.574335819746605,
            "distancing": 2.1101293230578237,
            "face": 1.661216286627547,
            "wearing": 1.656072719661694,
            "hand": 1.166552851986095,
            "mandatory": 0.9777288740521384,
            "yes": 0.9002050232610747,
            "distance": 0.7346384050705279,
            "wearamask": 0.6945775948545094,
            "protect": 0.6588397016692344,
            "asking": 0.6337003397981618,
            "rule": 0.5908605938794409,
            "man": 0.5756145198998004
        },
        "words": [
            "mask",
            "wear",
            "social",
            "distancing",
            "face",
            "wearing",
            "hand",
            "mandatory",
            "yes",
            "distance",
            "wearamask",
            "protect",
            "asking",
            "rule",
            "man"
        ],
        "coherence": 0.5042531141213008
    },
    "3": {
        "features": {
            "case": 6.292597817171273,
            "new": 5.3359315240622465,
            "report": 1.5206183572456156,
            "number": 1.4460456675553581,
            "today": 1.3232335509612991,
            "day": 1.3195074339859079,
            "million": 1.3008694636470144,
            "july": 1.2822240503778661,
            "outbreak": 1.281363706567158,
            "total": 1.1703743431213574,
            "update": 1.1581932224793106,
            "reported": 1.142874287720706,
            "toronto": 1.1199545882589985,
            "bc": 1.0741417318905264,
            "ontario": 1.0701214202819616
        },
        "words": [
            "case",
            "new",
            "report",
            "number",
            "today",
            "day",
            "million",
            "july",
            "outbreak",
            "total",
            "update",
            "reported",
            "toronto",
            "bc",
            "ontario"
        ],
        "coherence": 0.49679375148954846
    },
    "4": {
        "features": {
            "school": 4.955592705206497,
            "kid": 2.368897673744776,
            "child": 2.0574144034489685,
            "safe": 1.89421615004503,
            "student": 1.61507695444846,
            "teacher": 1.4539428421498721,
            "open": 1.420479307069204,
            "plan": 1.418592165694851,
            "ableg": 1.3157196478722848,
            "risk": 1.097543756923112,
            "reopen": 1.0937436481267488,
            "parent": 1.0329481493550634,
            "onpoli": 1.0036785392113223,
            "fordnation": 0.9385363639916234,
            "pandemic": 0.9281271873686642
        },
        "words": [
            "school",
            "kid",
            "child",
            "safe",
            "student",
            "teacher",
            "open",
            "plan",
            "ableg",
            "risk",
            "reopen",
            "parent",
            "onpoli",
            "fordnation",
            "pandemic"
        ],
        "coherence": 0.5369832674662273
    },
    "5": {
        "features": {
            "trump": 7.099587816275765,
            "realdonaldtrump": 2.5259393231943013,
            "president": 2.339367329916579,
            "american": 1.6781621291350588,
            "house": 1.4325758127514676,
            "gop": 1.2788251301034987,
            "white": 1.2495834858185466,
            "republican": 1.1318799203360226,
            "dead": 1.0868824597485407,
            "administration": 1.0141503111494452,
            "donald": 1.0061901734183283,
            "virus": 0.9954340478655939,
            "election": 0.9932933352045324,
            "vote": 0.8670871453555237,
            "cain": 0.8571689188324678
        },
        "words": [
            "trump",
            "realdonaldtrump",
            "president",
            "american",
            "house",
            "gop",
            "white",
            "republican",
            "dead",
            "administration",
            "donald",
            "virus",
            "election",
            "vote",
            "cain"
        ],
        "coherence": 0.5217935116518111
    },
    "6": {
        "features": {
            "people": 4.036714756117285,
            "home": 2.6419303393756635,
            "stay": 1.7860999622352007,
            "know": 1.7109923784525745,
            "patient": 1.3020960379886846,
            "getting": 1.1840981046774148,
            "sick": 1.1774537623920245,
            "really": 1.1756002644396448,
            "think": 1.137204656337732,
            "virus": 1.131908208047947,
            "lot": 1.062190514419283,
            "got": 0.8774310304520938,
            "going": 0.8587780632291363,
            "hospital": 0.8305088357437763,
            "symptom": 0.8264879672463074
        },
        "words": [
            "people",
            "home",
            "stay",
            "know",
            "patient",
            "getting",
            "sick",
            "really",
            "think",
            "virus",
            "lot",
            "got",
            "going",
            "hospital",
            "symptom"
        ],
        "coherence": 0.5351834575335185
    },
    "7": {
        "features": {
            "death": 4.790856843733903,
            "state": 1.9626563608021803,
            "year": 1.8348612112759244,
            "died": 1.6109583786316073,
            "country": 1.544394507709648,
            "rate": 1.3995900867033675,
            "florida": 1.353882315656338,
            "flu": 1.221854414279914,
            "hit": 1.2209340159341828,
            "thousand": 1.2159615985304466,
            "united": 1.168671887005956,
            "pandemic": 1.1490604883527793,
            "texas": 1.07699362728691,
            "people": 1.0167916489945272,
            "die": 1.00399198057939
        },
        "words": [
            "death",
            "state",
            "year",
            "died",
            "country",
            "rate",
            "florida",
            "flu",
            "hit",
            "thousand",
            "united",
            "pandemic",
            "texas",
            "people",
            "die"
        ],
        "coherence": 0.49139408185368494
    },
    "8": {
        "features": {
            "vaccine": 2.3038679681213106,
            "dr": 1.9848163992873855,
            "doctor": 1.8345369200002795,
            "hydroxychloroquine": 1.8047703723203061,
            "fauci": 1.7116817344484692,
            "news": 1.5431044367430897,
            "say": 1.2641035453087928,
            "health": 1.2439030398619915,
            "medical": 1.218319416381483,
            "medium": 1.2115289212404488,
            "expert": 1.11340443929607,
            "video": 1.0875164994282844,