{
    "1": {
        "features": {
            "pandemic": 1.3942386679799512,
            "need": 1.2400447948066022,
            "business": 1.1368627189052063,
            "help": 1.0864373313866482,
            "government": 0.9511505267750587,
            "plan": 0.867010327309306,
            "time": 0.8277952073024747,
            "read": 0.8268429900066929,
            "crisis": 0.7859879949117423,
            "work": 0.6885166497104402,
            "economy": 0.6824263396243574,
            "make": 0.6591215539189026,
            "support": 0.6391077260810576,
            "way": 0.5941615811871221,
            "money": 0.5773648661490715
        },
        "words": [
            "pandemic",
            "need",
            "business",
            "help",
            "government",
            "plan",
            "time",
            "read",
            "crisis",
            "work",
            "economy",
            "make",
            "support",
            "way",
            "money"
        ],
        "coherence": 0.509443491981143
    },
    "2": {
        "features": {
            "case": 3.552351220790179,
            "death": 3.434835660669348,
            "new": 3.1692186063679464,
            "number": 1.6782887733702574,
            "day": 1.3927069806977284,
            "week": 1.2820589118455545,
            "april": 1.0088557177070265,
            "report": 1.002900250258945,
            "total": 1.0014480286668381,
            "million": 0.9229890213960976,
            "confirmed": 0.8290024030388443,
            "york": 0.8277671509719375,
            "rate": 0.8080976638656994,
            "reported": 0.792266147805445,
            "infection": 0.7625011237510587
        },
        "words": [
            "case",
            "death",
            "new",
            "number",
            "day",
            "week",
            "april",
            "report",
            "total",
            "million",
            "confirmed",
            "york",
            "rate",
            "reported",
            "infection"
        ],
        "coherence": 0.5069471464270637
    },
    "3": {
        "features": {
            "trump": 5.338261191239688,
            "president": 2.1146438021388345,
            "realdonaldtrump": 1.8996213209774073,
            "briefing": 0.9365269916079966,
            "said": 0.8775462681115658,
            "american": 0.8769586205068749,
            "disinfectant": 0.866568911411291,
            "donald": 0.7996082700946311,
            "democrat": 0.769869275517088,
            "state": 0.7565086192591852,
            "white": 0.741278501218363,
            "house": 0.7362755834545838,
            "america": 0.702774346868642,
            "press": 0.6844338704066572,
            "news": 0.6760521221312787
        },
        "words": [
            "trump",
            "president",
            "realdonaldtrump",
            "briefing",
            "said",
            "american",
            "disinfectant",
            "donald",
            "democrat",
            "state",
            "white",
            "house",
            "america",
            "press",
            "news"
        ],
        "coherence": 0.4924955158006577
    },
    "4": {
        "features": {
            "china": 4.6340543207988265,
            "wuhan": 1.445799292348536,
            "chinese": 1.3620425577052595,
            "virus": 1.3414659903571502,
            "government": 1.0047952496051793,
            "lab": 0.9819518579553758,
            "trudeau": 0.9618346438096146,
            "canada": 0.8828236983512088,
            "world": 0.795671734669663,
            "gate": 0.6190730639753343,
            "youtube": 0.6035882505025034,
            "communist": 0.6018874274958024,
            "party": 0.5992350184158278,
            "trust": 0.5954105790782623,
            "source": 0.5599359173377838
        },
        "words": [
            "china",
            "wuhan",
            "chinese",
            "virus",
            "government",
            "lab",
            "trudeau",
            "canada",
            "world",
            "gate",
            "youtube",
            "communist",
            "party",
            "trust",
            "source"
        ],
        "coherence": 0.43560662936596645
    },
    "5": {
        "features": {
            "order": 1.7217903917417168,
            "lockdown": 1.2636901856808826,
            "protest": 1.2111764001809584,
            "stayathome": 1.0457316251847644,
            "people": 0.9157163359686841,
            "mask": 0.8321602555054414,
            "love": 0.7584170697382779,
            "governor": 0.7522613017023319,
            "yes": 0.7174392150156836,
            "want": 0.7067093003522088,
            "guy": 0.6704757007165838,
            "hand": 0.6357709821799946,
            "youre": 0.6016271302271076,
            "protester": 0.5598593363643785,
            "michigan": 0.5250109204258019
        },
        "words": [
            "order",
            "lockdown",
            "protest",
            "stayathome",
            "people",
            "mask",
            "love",
            "governor",
            "yes",
            "want",
            "guy",
            "hand",
            "youre",
            "protester",
            "michigan"
        ],
        "coherence": 0.4885913485572452
    },
    "6": {
        "features": {
            "home": 3.5222730026245332,
            "care": 2.4856293706162975,
            "worker": 2.3146205501083936,
            "stay": 2.0301735750618866,
            "thank": 1.3238453891763131,
            "safe": 1.2515495393782277,
            "ontario": 0.9473257073390745,
            "resident": 0.9120558982659769,
            "healthcare": 0.9083406185432075,
            "staff": 0.8782218270316581,
            "family": 0.865868434028448,
            "stayhome": 0.8423113651504681,
            "thanks": 0.7943314354848905,
            "working": 0.792493983767691,
            "onpoli": 0.7567130796954811
        },
        "words": [
            "home",
            "care",
            "worker",
            "stay",
            "thank",
            "safe",
            "ontario",
            "resident",
            "healthcare",
            "staff",
            "family",
            "stayhome",
            "thanks",
            "working",
            "onpoli"
        ],
        "coherence": 0.492025446607953
    },
    "7": {
        "features": {
            "people": 2.634941209745827,
            "think": 1.519049775491527,
            "good": 1.4106345631132098,
            "american": 1.3105819657897395,
            "know": 1.2721031966966978,
            "pandemic": 1.0804426048278017,
            "life": 0.9557622578086097,
            "died": 0.9320804070248464,
            "really": 0.8868524631562391,
            "right": 0.8325826660887384,
            "year": 0.7950341768300414,
            "thing": 0.7842335424479318,
            "flu": 0.7781925046186217,
            "die": 0.7737739817967124,
            "sick": 0.7725748355384081
        },
        "words": [
            "people",
            "think",
            "good",
            "american",
            "know",
            "pandemic",
            "life",
            "died",
            "really",
            "right",
            "year",
            "thing",
            "flu",
            "die",
            "sick"
        ],
        "coherence": 0.5070902421360924
    },
    "8": {
        "features": {
            "social": 2.786334204196263,
            "distancing": 2.60338844954673,
            "pandemic": 1.9326263787941536,
            "global": 1.0703498927830077,
            "long": 0.8723713200890604,
            "rule": 0.8378169243825899,
            "amid": 0.7206246020882592,
            "matter": 0.6800172455548226,
            "death": 0.6011165697507064,
            "physical": 0.49301363502497325,
            "time": 0.4911868069402123,