{
    "1": {
        "features": {
            "new": 1.2211620473036637,
            "2019ncov": 0.7813296227495833,
            "press": 0.6331151489970988,
            "emergency": 0.573200559666737,
            "meeting": 0.5454402737395474,
            "conference": 0.5060976226730127,
            "live": 0.5041802299221118,
            "committee": 0.37256270754730825,
            "manage": 0.19341293216931196,
            "help": 0.1904492702485978,
            "interim": 0.17525219709921533,
            "topic": 0.16856634144854732,
            "range": 0.16354430104491455,
            "spike": 0.14696203970660082,
            "country": 0.14495615781797402
        },
        "words": [
            "new",
            "2019ncov",
            "press",
            "emergency",
            "meeting",
            "conference",
            "live",
            "committee",
            "manage",
            "help",
            "interim",
            "topic",
            "range",
            "spike",
            "country"
        ],
        "coherence": 0.9774130872317723
    },
    "2": {
        "features": {
            "disease": 0.5893385542603478,
            "public": 0.583519579702654,
            "good": 0.4593583537173805,
            "remember": 0.4492259149155613,
            "health": 0.442343144607879,
            "treatment": 0.4091481233328277,
            "cut": 0.40067521217651286,
            "cdnpoli": 0.3944992566583396,
            "virus": 0.38813537547329324,
            "toronto": 0.38560275495730123,
            "wuhan": 0.3741085156742617,
            "dollar": 0.3523646996675891,
            "surveillance": 0.3433567549572495,
            "communicable": 0.3433567549572495,
            "portion": 0.3433567549572495
        },
        "words": [
            "disease",
            "public",
            "good",
            "remember",
            "health",
            "treatment",
            "cut",
            "cdnpoli",
            "virus",
            "toronto",
            "wuhan",
            "dollar",
            "surveillance",
            "communicable",
            "portion"
        ],
        "coherence": 0.9793820244925363
    },
    "3": {
        "features": {
            "wuhan": 0.7512145301531338,
            "case": 0.710262888111001,
            "state": 0.4642789105125014,
            "virus": 0.44157389216188586,
            "china": 0.4297270703127733,
            "washington": 0.42036397487948035,
            "spread": 0.39846566531103894,
            "confirmed": 0.3636179653482397,
            "wuhancoronavirus": 0.3551663398759449,
            "cdc": 0.32233626843821706,
            "chinese": 0.29939923314589,
            "people": 0.2609456926353846,
            "said": 0.222191984406812,
            "life": 0.1801182916366379,
            "confirms": 0.17202849002324433
        },
        "words": [
            "wuhan",
            "case",
            "state",
            "virus",
            "china",
            "washington",
            "spread",
            "confirmed",
            "wuhancoronavirus",
            "cdc",
            "chinese",
            "people",
            "said",
            "life",
            "confirms"
        ],
        "coherence": 0.9910275692031497
    },
    "4": {
        "features": {
            "epidemic": 0.9777758649278661,
            "want": 0.5477546801603909,
            "hour": 0.47729105786777243,
            "believe": 0.4667092645557946,
            "canadian": 0.4616951708855101,
            "doctor": 0.4499943242638233,
            "handle": 0.44931157562706897,
            "room": 0.44931157562706897,
            "changed": 0.3210857663218729,
            "emergency": 0.27242872310280475,
            "stuff": 0.14804770119596822,
            "instead": 0.11811575074343031,
            "light": 0.10877075591336094,
            "toronto": 0.10563745218332615,
            "politician": 0.10049613761679975
        },
        "words": [
            "epidemic",
            "want",
            "hour",
            "believe",
            "canadian",
            "doctor",
            "handle",
            "room",
            "changed",
            "emergency",
            "stuff",
            "instead",
            "light",
            "toronto",
            "politician"
        ],
        "coherence": 0.9800656727382115
    },
    "5": {
        "features": {
            "people": 0.7521985455459834,
            "epidemic": 0.6205485981362691,
            "guy": 0.3356363932300508,
            "government": 0.3272749696395586,
            "right": 0.2949239195889689,
            "led": 0.25554555770791965,
            "know": 0.23989606655424284,
            "tell": 0.19795941135747344,
            "press": 0.1963762584900097,
            "died": 0.19493509099224826,
            "hospital": 0.18808350585015327,
            "free": 0.18545607078600612,
            "visit": 0.16901964857362736,
            "loved": 0.16901964695887275,
            "jason": 0.16901964695887275
        },
        "words": [
            "people",
            "epidemic",
            "guy",
            "government",
            "right",
            "led",
            "know",
            "tell",
            "press",
            "died",
            "hospital",
            "free",
            "visit",
            "loved",
            "jason"
        ],
        "coherence": 0.9894983371098837
    },
    "6": {
        "features": {
            "risk": 0.5376101669291972,
            "canada": 0.33738775508624336,
            "canadian": 0.2972644936217823,
            "case": 0.2946401286814894,
            "2019ncov": 0.2866260794495252,
            "potential": 0.2831125368312237,
            "prepared": 0.264203377885921,
            "phac": 0.2553099478721244,
            "international": 0.2526027813902447,
            "low": 0.2518159178835506,
            "partner": 0.2502939036218461,
            "working": 0.24726020759506873,
            "closely": 0.24191836712637158,
            "detect": 0.2258729585913549,
            "domestic": 0.2258729585913549
        },
        "words": [
            "risk",
            "canada",
            "canadian",
            "case",
            "2019ncov",
            "potential",
            "prepared",
            "phac",
            "international",
            "low",
            "partner",
            "working",
            "closely",
            "detect",
            "domestic"
        ],
        "coherence": 0.9860956396375383
    },
    "7": {
        "features": {
            "virus": 0.6107507628974747,
            "cdc": 0.33316507627421865,
            "vaccine": 0.3111513762744795,
            "year": 0.2720448855385858,
            "deadly": 0.27012633528343055,
            "effective": 0.26606444881636865,
            "say": 0.20171044017047526,
            "million": 0.20025503685323637,
            "china": 0.17676899241092106,
            "outbreak": 0.16326844111156874,
            "misinformation": 0.16256393502093866,
            "think": 0.14668453326219957,
            "sense": 0.14513347374610658,
            "situation": 0.14049301510099013,
            "travel": 0.13899284085701305
        },
        "words": [
            "virus",
            "cdc",
            "vaccine",
            "year",
            "deadly",
            "effective",
            "say",
            "million",
            "china",
            "outbreak",
            "misinformation",
            "think",
            "sense",
            "situation",
            "travel"
        ],
        "coherence": 0.9885905884561085
    },
    "8": {
        "features": {
            "wuhancoronavirus": 0.6022375455521594,
            "wuhanpneumonia": 0.5132062967547419,
            "wuhan": 0.45256165705856477,
            "hospital": 0.43821926421480745,
            "patient": 0.4108992521507873,
            "rail": 0.2994564634394014,