{
    "1": {
        "features": {
            "pandemic": 3.00931983484291,
            "thing": 1.2965268049034677,
            "good": 1.2787498441129688,
            "job": 1.2385773275426992,
            "time": 1.0894126988474016,
            "great": 1.029942402238622,
            "economy": 1.0137569357889311,
            "think": 1.0022724258757831,
            "need": 0.9575431288284202,
            "crisis": 0.9381849309342702,
            "really": 0.9026822768614814,
            "right": 0.901788664107843,
            "life": 0.888401738775702,
            "country": 0.8584449710176999,
            "year": 0.8214995967173586
        },
        "words": [
            "pandemic",
            "thing",
            "good",
            "job",
            "time",
            "great",
            "economy",
            "think",
            "need",
            "crisis",
            "really",
            "right",
            "life",
            "country",
            "year"
        ],
        "coherence": 0.5480595106170291
    },
    "2": {
        "features": {
            "case": 7.247225142646463,
            "new": 6.410771519911913,
            "number": 2.5871335635310957,
            "death": 2.426330464184537,
            "report": 1.967911765569008,
            "day": 1.9078809139654325,
            "bc": 1.7727494201790304,
            "ontario": 1.5734884179925057,
            "today": 1.4303387241529277,
            "reported": 1.3915425206402436,
            "100": 1.363615517908046,
            "million": 1.3228611767465388,
            "zealand": 1.3214215807845078,
            "total": 1.2473707243616703,
            "breaking": 1.1657303747655088
        },
        "words": [
            "case",
            "new",
            "number",
            "death",
            "report",
            "day",
            "bc",
            "ontario",
            "today",
            "reported",
            "100",
            "million",
            "zealand",
            "total",
            "breaking"
        ],
        "coherence": 0.5031759679317475
    },
    "3": {
        "features": {
            "mask": 7.041243209438669,
            "wear": 3.4923344612490355,
            "distancing": 2.2382633834588943,
            "social": 2.103358904176632,
            "face": 1.6523377372962456,
            "wearing": 1.5769589718497656,
            "hand": 1.2233093773730588,
            "mandatory": 1.0174719994711576,
            "rule": 0.884233631530756,
            "listen": 0.745906886083464,
            "wearamask": 0.7270126584912439,
            "protect": 0.7130387960497503,
            "spread": 0.6710576061800861,
            "police": 0.6521001657927831,
            "store": 0.6433037113530631
        },
        "words": [
            "mask",
            "wear",
            "distancing",
            "social",
            "face",
            "wearing",
            "hand",
            "mandatory",
            "rule",
            "listen",
            "wearamask",
            "protect",
            "spread",
            "police",
            "store"
        ],
        "coherence": 0.5187434657698586
    },
    "4": {
        "features": {
            "school": 5.067429519760513,
            "kid": 2.619705698137179,
            "student": 1.9483817821561036,
            "child": 1.8248021225232745,
            "plan": 1.5598635165117385,
            "teacher": 1.5536019636283342,
            "class": 1.313209734859267,
            "risk": 1.1119806215232897,
            "fordnation": 1.1093642699168855,
            "parent": 1.1079319721709597,
            "ableg": 1.072936509359964,
            "onpoli": 1.056784231168997,
            "open": 0.9394852914107207,
            "staff": 0.932023721890815,
            "thread": 0.9095681319380128
        },
        "words": [
            "school",
            "kid",
            "student",
            "child",
            "plan",
            "teacher",
            "class",
            "risk",
            "fordnation",
            "parent",
            "ableg",
            "onpoli",
            "open",
            "staff",
            "thread"
        ],
        "coherence": 0.5072979316824958
    },
    "5": {
        "features": {
            "trump": 7.31401309681228,
            "president": 2.791621158556827,
            "american": 2.762081144854751,
            "realdonaldtrump": 2.1967806206991116,
            "donald": 1.314898037614768,
            "died": 1.2701302399438499,
            "said": 1.1798523790162452,
            "twitter": 1.0374163222843458,
            "biden": 0.9918442593490223,
            "republican": 0.8586235186478545,
            "democrat": 0.8535114991229974,
            "america": 0.8166192484202194,
            "dead": 0.8075904787529056,
            "immune": 0.7946249004177321,
            "state": 0.7771101475701643
        },
        "words": [
            "trump",
            "president",
            "american",
            "realdonaldtrump",
            "donald",
            "died",
            "said",
            "twitter",
            "biden",
            "republican",
            "democrat",
            "america",
            "dead",
            "immune",
            "state"
        ],
        "coherence": 0.49485640440668377
    },
    "6": {
        "features": {
            "death": 2.5366134702332683,
            "le": 1.98554797412606,
            "cdc": 1.2944643826059765,
            "flu": 1.2661169135171004,
            "died": 1.2216634144348486,
            "patient": 1.1415453407834666,
            "hcq": 1.0751001892476015,
            "rate": 0.9569455848691605,
            "et": 0.9218938888881377,
            "year": 0.9118395690235448,
            "sweden": 0.9071631264254568,
            "study": 0.847651190373934,
            "uk": 0.8421490001194313,
            "infected": 0.7976663458028194,
            "state": 0.7393457633590363
        },
        "words": [
            "death",
            "le",
            "cdc",
            "flu",
            "died",
            "patient",
            "hcq",
            "rate",
            "et",
            "year",
            "sweden",
            "study",
            "uk",
            "infected",
            "state"
        ],
        "coherence": 0.3783767412106196
    },
    "7": {
        "features": {
            "people": 5.043739016246431,
            "home": 1.8691170363163712,
            "vote": 1.7629549147142898,
            "stay": 1.4932612282494802,
            "stop": 1.4105126998402158,
            "need": 1.1130633624738613,
            "usps": 1.089031415180501,
            "help": 1.0805128471267869,
            "want": 1.066157477030927,
            "pandemic": 1.0180808550680407,
            "app": 1.0166796842782233,
            "mail": 1.0131127809650957,
            "going": 0.9399309561696009,
            "know": 0.9276570026798474,
            "thank": 0.9271526535068249
        },
        "words": [
            "people",
            "home",
            "vote",
            "stay",
            "stop",
            "need",
            "usps",
            "help",
            "want",
            "pandemic",
            "app",
            "mail",
            "going",
            "know",
            "thank"
        ],
        "coherence": 0.497431652035032
    },
    "8": {
        "features": {
            "vaccine": 3.160372020627812,
            "virus": 1.8287029613108166,
            "china": 1.7522664769535887,
            "dr": 1.5616844014914346,
            "read": 1.5174573448931783,
            "medium": 1.3854094080718418,
            "say": 1.1801364873395916,
            "doctor": 1.151194212286579,
            "fauci": 1.0427067690649303,
            "news": 0.935317187665533,
            "hydroxychloroquine": 0.8850768913397532,
            "expert": 0.8298973019671831,
            "drug": 0.7710701292251891,