{
    "1": {
        "features": {
            "pandemic": 2.4974858958875683,
            "good": 0.9934674959552617,
            "job": 0.8797369156059538,
            "think": 0.8585624489709983,
            "going": 0.8566549998542274,
            "look": 0.7986694763598594,
            "crisis": 0.7964104459711812,
            "global": 0.7638999053721417,
            "time": 0.7454600769896684,
            "country": 0.6964969939069005,
            "economy": 0.6936522128216052,
            "world": 0.6390447546057659,
            "leader": 0.539967090274164,
            "end": 0.536582874722642,
            "month": 0.528588489305172
        },
        "words": [
            "pandemic",
            "good",
            "job",
            "think",
            "going",
            "look",
            "crisis",
            "global",
            "time",
            "country",
            "economy",
            "world",
            "leader",
            "end",
            "month"
        ],
        "coherence": 0.5126410711379278
    },
    "2": {
        "features": {
            "home": 3.373878050399104,
            "stay": 2.6824995793256083,
            "friend": 1.1186773671848045,
            "safe": 1.0861812127516997,
            "socialdistancing": 0.9078586839258039,
            "family": 0.9078470213619417,
            "hand": 0.7521313143880273,
            "stayhome": 0.746637991376265,
            "thank": 0.7278708061649642,
            "love": 0.7269256661077163,
            "share": 0.7224267521266786,
            "life": 0.7174648491883556,
            "day": 0.699589151470606,
            "time": 0.6889344992123857,
            "message": 0.6786246186727037
        },
        "words": [
            "home",
            "stay",
            "friend",
            "safe",
            "socialdistancing",
            "family",
            "hand",
            "stayhome",
            "thank",
            "love",
            "share",
            "life",
            "day",
            "time",
            "message"
        ],
        "coherence": 0.46992387175559996
    },
    "3": {
        "features": {
            "case": 4.072549679541699,
            "death": 2.685735126661796,
            "new": 2.474092138808546,
            "number": 1.570266313577584,
            "day": 1.4260147148751852,
            "march": 1.1116967382799825,
            "breaking": 1.0567281186155955,
            "confirmed": 1.053845665496486,
            "italy": 1.0307213832817594,
            "total": 0.9821664346152765,
            "state": 0.9240046083192132,
            "report": 0.8898111583696559,
            "update": 0.8414086509288624,
            "rate": 0.7483226996246871,
            "ontario": 0.6860154404836033
        },
        "words": [
            "case",
            "death",
            "new",
            "number",
            "day",
            "march",
            "breaking",
            "confirmed",
            "italy",
            "total",
            "state",
            "report",
            "update",
            "rate",
            "ontario"
        ],
        "coherence": 0.5062919474783398
    },
    "4": {
        "features": {
            "china": 5.471017370897228,
            "virus": 2.1795907575388527,
            "chinese": 2.1169519904012066,
            "wuhan": 1.083672537982889,
            "world": 1.0551338929060885,
            "flight": 0.7361404245607244,
            "country": 0.6897896140497989,
            "travel": 0.616957408871053,
            "communist": 0.5935918192509916,
            "ban": 0.4945096920965215,
            "iran": 0.48937281573844055,
            "sending": 0.4815246096367836,
            "canada": 0.4780604665400103,
            "lied": 0.46551335605490973,
            "sent": 0.46063585975344445
        },
        "words": [
            "china",
            "virus",
            "chinese",
            "wuhan",
            "world",
            "flight",
            "country",
            "travel",
            "communist",
            "ban",
            "iran",
            "sending",
            "canada",
            "lied",
            "sent"
        ],
        "coherence": 0.5021539637020656
    },
    "5": {
        "features": {
            "social": 2.158087812721545,
            "distancing": 2.011811111807399,
            "health": 1.0413380635743608,
            "business": 0.9720546311150848,
            "support": 0.9142627510330398,
            "measure": 0.8639269933798308,
            "pandemic": 0.8346857021435502,
            "service": 0.8331924280051751,
            "public": 0.8041475496145009,
            "spread": 0.7361073543195241,
            "community": 0.7289484589650187,
            "ableg": 0.7272806819737045,
            "government": 0.682346997566052,
            "toronto": 0.6554696502583701,
            "canada": 0.6178497831845343
        },
        "words": [
            "social",
            "distancing",
            "health",
            "business",
            "support",
            "measure",
            "pandemic",
            "service",
            "public",
            "spread",
            "community",
            "ableg",
            "government",
            "toronto",
            "canada"
        ],
        "coherence": 0.4790506152879624
    },
    "6": {
        "features": {
            "trump": 5.240259081320807,
            "president": 1.9471481113828133,
            "medium": 1.3480278140375903,
            "american": 1.170529982073636,
            "realdonaldtrump": 0.88733800680112,
            "briefing": 0.8422891500474837,
            "lie": 0.8291785079993471,
            "press": 0.7346605289095383,
            "said": 0.7258114793431647,
            "donald": 0.6707075883210978,
            "fauci": 0.6366938892935393,
            "fact": 0.6299139508082126,
            "administration": 0.6249926225324132,
            "news": 0.6053832226420118,
            "called": 0.5768889363630353
        },
        "words": [
            "trump",
            "president",
            "medium",
            "american",
            "realdonaldtrump",
            "briefing",
            "lie",
            "press",
            "said",
            "donald",
            "fauci",
            "fact",
            "administration",
            "news",
            "called"
        ],
        "coherence": 0.5117811134883335
    },
    "7": {
        "features": {
            "people": 5.405023954704445,
            "died": 1.1089743366627551,
            "man": 0.9557453755224806,
            "virus": 0.886879632005166,
            "flu": 0.8350879677224475,
            "die": 0.830520647126535,
            "year": 0.7761784243778661,
            "person": 0.7748384038381047,
            "lockdown": 0.7370750168532071,
            "infected": 0.735646985931846,
            "old": 0.6485601568956397,
            "sick": 0.634286179250145,
            "god": 0.6215894124653305,
            "fucking": 0.5939946404700276,
            "know": 0.5911700409400227
        },
        "words": [
            "people",
            "died",
            "man",
            "virus",
            "flu",
            "die",
            "year",
            "person",
            "lockdown",
            "infected",
            "old",
            "sick",
            "god",
            "fucking",
            "know"
        ],
        "coherence": 0.47769133845965067
    },
    "8": {
        "features": {
            "test": 2.1781372028275325,
            "hospital": 2.002317190744178,
            "doctor": 1.81032029582143,
            "mask": 1.8088022271581987,
            "medical": 1.722635907738527,
            "positive": 1.6757057793323584,
            "patient": 1.5906948501187137,
            "tested": 1.3836300581940333,
            "testing": 1.0912756657569558,
            "care": 1.0588441263036306,
            "nurse": 0.9597953009895412,