{
    "1": {
        "features": {
            "trump": 1.9817469890185724,
            "know": 1.3194180642823943,
            "cdc": 1.30434761301339,
            "market": 1.075104021094068,
            "thing": 0.9110779365896368,
            "vaccine": 0.8803997287105222,
            "stock": 0.840465219214547,
            "going": 0.7930683626802187,
            "pandemic": 0.7855700580746104,
            "think": 0.7638203214259992,
            "week": 0.7281231104825706,
            "cut": 0.7253298835696467,
            "make": 0.7136159878628797,
            "need": 0.6988114686340466,
            "time": 0.677116708042588
        },
        "words": [
            "trump",
            "know",
            "cdc",
            "market",
            "thing",
            "vaccine",
            "stock",
            "going",
            "pandemic",
            "think",
            "week",
            "cut",
            "make",
            "need",
            "time"
        ],
        "coherence": 0.4418394202277774
    },
    "2": {
        "features": {
            "case": 7.486731211339711,
            "new": 3.927847880426013,
            "breaking": 2.428855750686908,
            "report": 2.4212336789308213,
            "confirmed": 2.3176233142305374,
            "death": 2.2732265115577004,
            "iran": 2.211814292382529,
            "korea": 1.8352158359267383,
            "italy": 1.74849204762471,
            "south": 1.5716328922669802,
            "number": 1.5715587941119156,
            "update": 1.5445513220124225,
            "total": 1.3665310023104706,
            "ontario": 1.281270292256138,
            "reported": 1.2165479422523209
        },
        "words": [
            "case",
            "new",
            "breaking",
            "report",
            "confirmed",
            "death",
            "iran",
            "korea",
            "italy",
            "south",
            "number",
            "update",
            "total",
            "ontario",
            "reported"
        ],
        "coherence": 0.5144454067661649
    },
    "3": {
        "features": {
            "hoax": 5.152710315614234,
            "trump": 4.7959091689005575,
            "democrat": 2.701073475019099,
            "called": 1.5493117217668024,
            "believe": 1.5226182394598293,
            "rally": 1.2538970797836622,
            "lie": 1.1630644489531872,
            "medium": 1.0934757360954468,
            "realdonaldtrump": 1.0336575195835551,
            "donald": 1.018853910468209,
            "president": 1.0067498339906022,
            "word": 0.9534851553942256,
            "say": 0.943618039049569,
            "remember": 0.8729737937887486,
            "calling": 0.8647986033120839
        },
        "words": [
            "hoax",
            "trump",
            "democrat",
            "called",
            "believe",
            "rally",
            "lie",
            "medium",
            "realdonaldtrump",
            "donald",
            "president",
            "word",
            "say",
            "remember",
            "calling"
        ],
        "coherence": 0.46885345237595694
    },
    "4": {
        "features": {
            "state": 5.260826451897102,
            "washington": 3.0351056982054057,
            "official": 2.007702939686958,
            "health": 1.895532000795796,
            "death": 1.8431755852714924,
            "told": 1.7031097029894309,
            "president": 1.6647408096804825,
            "trump": 1.6223965816625876,
            "united": 1.61286218967576,
            "person": 1.591965570203046,
            "woman": 1.5530361439297216,
            "man": 1.4906371115898833,
            "died": 1.458693860163433,
            "said": 1.3743622636299446,
            "emergency": 1.2492724416740895
        },
        "words": [
            "state",
            "washington",
            "official",
            "health",
            "death",
            "told",
            "president",
            "trump",
            "united",
            "person",
            "woman",
            "man",
            "died",
            "said",
            "emergency"
        ],
        "coherence": 0.45604705129350936
    },
    "5": {
        "features": {
            "china": 5.354958917615469,
            "chinese": 1.570151537987334,
            "wuhan": 0.9470777833789196,
            "amid": 0.6525346152015519,
            "hong": 0.6125864711385294,
            "kong": 0.5830774651396213,
            "youtube": 0.5621043830930533,
            "world": 0.5516982379346365,
            "india": 0.485572495921576,
            "ccp": 0.4551908955044827,
            "street": 0.4514691344122207,
            "outbreak": 0.4475926896888404,
            "communist": 0.41214995703008395,
            "beijing": 0.40297649938906865,
            "foreign": 0.3862346887075123
        },
        "words": [
            "china",
            "chinese",
            "wuhan",
            "amid",
            "hong",
            "kong",
            "youtube",
            "world",
            "india",
            "ccp",
            "street",
            "outbreak",
            "communist",
            "beijing",
            "foreign"
        ],
        "coherence": 0.4183325097674415
    },
    "6": {
        "features": {
            "test": 2.9257923332912266,
            "tested": 2.304356715467073,
            "testing": 2.163366480807668,
            "patient": 1.7398189618880948,
            "people": 1.738113214054357,
            "home": 1.510471783368276,
            "quarantine": 1.4022002230362993,
            "positive": 1.3749805231112067,
            "hospital": 1.2927286288897897,
            "infected": 1.2303240807982099,
            "ship": 1.1642808864811638,
            "cruise": 1.1088872622219588,
            "cdc": 1.0719174745865767,
            "symptom": 1.0655991785801602,
            "passenger": 0.9628760546199524
        },
        "words": [
            "test",
            "tested",
            "testing",
            "patient",
            "people",
            "home",
            "quarantine",
            "positive",
            "hospital",
            "infected",
            "ship",
            "cruise",
            "cdc",
            "symptom",
            "passenger"
        ],
        "coherence": 0.4877098421255747
    },
    "7": {
        "features": {
            "health": 2.573808845207664,
            "canada": 2.430133827457713,
            "say": 1.929380399185346,
            "canadian": 1.2777697737890694,
            "public": 1.1932006470777583,
            "cdnpoli": 0.9921679385722099,
            "minister": 0.9651742027574064,
            "risk": 0.9318762611911213,
            "government": 0.9239784053929211,
            "trudeau": 0.8839830985274819,
            "worker": 0.7934789936130227,
            "outbreak": 0.7720832841379708,
            "federal": 0.7520945797410461,
            "official": 0.7168600817136068,
            "flight": 0.6833856455759262
        },
        "words": [
            "health",
            "canada",
            "say",
            "canadian",
            "public",
            "cdnpoli",
            "minister",
            "risk",
            "government",
            "trudeau",
            "worker",
            "outbreak",
            "federal",
            "official",
            "flight"
        ],
        "coherence": 0.41391878795056114
    },
    "8": {
        "features": {
            "realdonaldtrump": 2.09964601981721,
            "care": 1.6806695043621283,
            "stop": 1.4793146962581336,
            "sick": 1.3915485173501048,
            "mask": 1.3810195343376233,
            "american": 1.3538706317617246,
            "people": 1.339762681991004,
            "life": 1.0939500012400782,
            "public": 1.04228648711414,
            "need": 0.9991915704920458,